timestamp,rss_kb,vms_kb,pid
2026-01-24T00:00:00Z,200000,350000,1234
2026-01-24T01:00:00Z,201500,352200,1234
2026-01-24T02:00:00Z,203000,354400,1234
2026-01-24T03:00:00Z,204500,356600,1234
2026-01-24T04:00:00Z,206000,350000,1234
2026-01-24T05:00:00Z,207500,352200,1234
2026-01-24T06:00:00Z,200000,354400,1234
2026-01-24T07:00:00Z,201500,356600,1234
2026-01-24T08:00:00Z,203000,350000,1234
2026-01-24T09:00:00Z,204500,352200,1234
2026-01-24T10:00:00Z,206000,355300,1234
2026-01-24T11:00:00Z,207500,357500,1234
2026-01-24T12:00:00Z,200800,350900,1234
2026-01-24T13:00:00Z,202300,353100,1234
2026-01-24T14:00:00Z,203800,355300,1234
2026-01-24T15:00:00Z,205300,357500,1234
2026-01-24T16:00:00Z,206800,350900,1234
2026-01-24T17:00:00Z,208300,353100,1234
2026-01-24T18:00:00Z,200800,355300,1234
2026-01-24T19:00:00Z,202300,357500,1234
2026-01-24T20:00:00Z,203800,351800,1234
2026-01-24T21:00:00Z,205300,354000,1234
2026-01-24T22:00:00Z,206800,356200,1234
2026-01-24T23:00:00Z,208300,358400,1234
2026-01-25T00:00:00Z,201600,351800,1234
2026-01-25T01:00:00Z,203100,354000,1234
2026-01-25T02:00:00Z,204600,356200,1234
2026-01-25T03:00:00Z,206100,358400,1234
2026-01-25T04:00:00Z,207600,351800,1234
2026-01-25T05:00:00Z,209100,354000,1234
2026-01-25T06:00:00Z,201600,357100,1234
2026-01-25T07:00:00Z,203100,359300,1234
2026-01-25T08:00:00Z,204600,352700,1234
2026-01-25T09:00:00Z,206100,354900,1234
2026-01-25T10:00:00Z,207600,357100,1234
2026-01-25T11:00:00Z,209100,359300,1234
2026-01-25T12:00:00Z,202400,352700,1234
2026-01-25T13:00:00Z,203900,354900,1234
2026-01-25T14:00:00Z,205400,357100,1234
2026-01-25T15:00:00Z,206900,359300,1234
2026-01-25T16:00:00Z,208400,353600,1234
2026-01-25T17:00:00Z,209900,355800,1234
2026-01-25T18:00:00Z,202400,358000,1234
2026-01-25T19:00:00Z,203900,360200,1234
2026-01-25T20:00:00Z,205400,353600,1234
2026-01-25T21:00:00Z,206900,355800,1234
2026-01-25T22:00:00Z,208400,358000,1234
2026-01-25T23:00:00Z,209900,360200,1234
2026-01-26T00:00:00Z,203200,353600,1234
2026-01-26T01:00:00Z,202800,352900,1234
2026-01-26T02:00:00Z,204600,354700,1234
2026-01-26T03:00:00Z,206900,357000,1234
2026-01-26T04:00:00Z,205300,355400,1234
2026-01-26T05:00:00Z,207800,358100,1234
2026-01-26T06:00:00Z,209100,359500,1234
2026-01-26T07:00:00Z,205800,356600,1234
2026-01-26T08:00:00Z,206950,358000,1234
2026-01-26T09:00:00Z,208100,359400,1234
2026-01-26T10:00:00Z,209250,359900,1234
2026-01-26T11:00:00Z,209400,361300,1234
2026-01-26T12:00:00Z,210550,357200,1234
2026-01-26T13:00:00Z,206300,357700,1234
2026-01-26T14:00:00Z,207450,359100,1234
2026-01-26T15:00:00Z,207600,360500,1234
2026-01-26T16:00:00Z,208750,361000,1234
2026-01-26T17:00:00Z,209900,356900,1234
2026-01-26T18:00:00Z,211050,358300,1234
2026-01-26T19:00:00Z,205800,358800,1234
2026-01-26T20:00:00Z,206950,360200,1234
2026-01-26T21:00:00Z,208100,361600,1234
2026-01-26T22:00:00Z,209250,356600,1234
2026-01-26T23:00:00Z,209400,358000,1234
